{
    "anthropic.claude-3-5-haiku-20241022-v1:0": {
        "input": 0.000003,
        "output": 0.000015
    },
    "anthropic.claude-3-5-sonnet-20240620-v1:0": {
        "input": 0.000003,
        "output": 0.000015
    },
    "anthropic.claude-3-sonnet-20240229-v1:0": {
        "input": 0.000003,
        "output": 0.000015
    },
    "anthropic.claude-3-haiku-20240307-v1:0": {
        "input": 2.5e-7,
        "output": 0.00000125
    },
    "anthropic.claude-instant-v1": {
        "input": 8e-7,
        "output": 0.0000024
    },
    "anthropic.claude-v2:1": {
        "input": 0.000008,
        "output": 0.000024
    }
}